,mean of diseased pixels in red plane,mean of diseased pixels in green plane,mean of diseased pixels in blue plane,mean of background pixels in red plane,mean of background pixels in green plane,mean of background pixels in blue plane,mean of boundary region pixels of disease in red plane,mean of boundary region pixels of disease in green plane,mean of boundary region pixels of disease in blue plane,mean of core region pixels of disease in red plane,mean of core region pixels of disease in green plane,mean of core region pixels of disease in blue plane,standard deviation of diseased pixels in red plane,standard deviation of diseased pixels in green plane,standard deviation of diseased pixels in blue plane,standard deviation of background pixels in red plane,standard deviation of background pixels in green plane,standard deviation of background pixels in blue plane,standard deviation of boundary region pixels of disease in red plane,standard deviation of boundary region pixels of disease in green plane,standard deviation of boundary region pixels of disease in blue plane,standard deviation of core region pixels of disease in red plane,standard deviation of core region pixels of disease in green plane,standard deviation of core region pixels of disease in blue plane,label
0,196.69944763183594,187.2720947265625,163.721435546875,255.0,254.98443603515625,201.21482849121094,5.0699615478515625,3.9532470703125,4.5096588134765625,22.067413330078125,21.960052490234375,10.514190673828125,53.627833012082846,44.975379482843636,76.62294852690533,0.0,1.992126702334616,104.0306400081791,35.59684936346832,31.503171912217873,33.60990887852207,45.528642323807304,44.276530859566925,29.145626980085304,Bacterial leaf blight
1,193.91110229492188,185.04847717285156,159.2592315673828,255.0,254.97276306152344,195.4639434814453,5.719757080078125,4.5952606201171875,5.21392822265625,13.492919921875,13.871170043945312,6.1419525146484375,54.94461573593819,46.004646562172304,78.66736492810584,0.0,2.635275594829858,107.8756338866702,37.76006401431039,33.9216013472696,36.08831735155204,31.09825921165911,32.01773850142673,16.290980110332978,Bacterial leaf blight
2,196.20262145996094,189.65090942382812,154.84542846679688,255.0,255.0,188.33175659179688,3.65753173828125,2.7587127685546875,3.073883056640625,6.2081451416015625,6.1248016357421875,1.260955810546875,53.055984350756816,44.12378783998211,87.20402843290142,0.0,0.0,112.05243143259489,30.31984589085479,26.37918231943626,27.82788929109531,25.772903387339067,24.67975991434369,8.303872709000636,Bacterial leaf blight
3,174.91275024414062,171.3362579345703,131.14024353027344,250.05455017089844,254.99221801757812,158.67462158203125,6.05438232421875,5.501861572265625,2.3540496826171875,3.068023681640625,3.3953857421875,0.871185302734375,68.72642785545541,59.01605508978237,98.29895135870953,35.16578212422891,1.408667795588339,123.6300649891326,38.82282765780938,37.05002321412716,24.387314718089662,13.045190028748447,14.598991946940307,3.795505448257549,Bacterial leaf blight
4,190.6336669921875,186.19741821289062,143.45098876953125,254.36187744140625,255.0,181.01280212402344,14.420013427734375,13.163223266601562,12.68463134765625,21.262924194335938,19.415069580078125,8.585739135742188,57.12980101825316,50.0001006778713,90.53564548436368,12.740253217327355,0.0,115.7265311362745,58.899631890328706,56.42119713562446,55.4407893272309,55.92865575720967,49.21537303601154,26.73012145848514,Bacterial leaf blight
5,206.34800720214844,197.20916748046875,164.451904296875,255.0,254.97665405273438,203.84902954101562,4.6186065673828125,4.09332275390625,4.381256103515625,24.815414428710938,23.116348266601562,7.2603912353515625,50.07484022959513,45.857767009610185,82.63756032076567,0.0,2.4398097301799266,102.11305346597527,34.00607516398129,32.04749617487218,33.13645879317661,54.103577363815596,48.998853373360696,20.23411838624108,Bacterial leaf blight
6,181.03883361816406,173.33074951171875,122.63597106933594,254.99610900878906,254.99221801757812,158.17657470703125,12.848052978515625,8.813095092773438,10.174942016601562,45.536529541015625,43.28370666503906,11.940689086914062,55.48851212779232,50.48176059100871,88.79322319993535,0.9960861503788008,1.408667795588339,123.75458684123159,55.777961993808454,46.57970162573993,49.91072799701678,67.20732771434072,62.83697537496,25.956230429496955,Bacterial leaf blight
7,196.82984924316406,189.18215942382812,156.82635498046875,254.88327026367188,254.98443603515625,191.35116577148438,5.5680084228515625,5.0699615478515625,4.3462371826171875,9.772476196289062,9.018112182617188,3.02960205078125,57.40955007623122,50.652946595953466,88.4348839401333,5.454581279285207,1.992126702334616,110.35976907198756,37.26713605886831,35.59684936346832,33.00607071312516,32.50195409741067,29.05183658036106,13.60780891849748,Bacterial leaf blight
8,199.94325256347656,191.26278686523438,163.77574157714844,253.78990173339844,254.3579864501953,201.86073303222656,5.6224822998046875,4.754791259765625,4.723663330078125,17.094558715820312,16.042251586914062,5.559600830078125,56.738881364657054,50.681850777563774,84.22939268782125,17.524574750006526,12.778938680581518,103.56993474416178,37.444901912524465,34.49440144887704,34.383443020064135,43.33078572881874,39.82874257911347,23.414910076768678,Bacterial leaf blight
9,185.20458984375,180.6369171142578,145.7988739013672,255.0,255.0,173.58489990234375,4.2139434814453125,2.8910064697265625,3.7042236328125,4.1769256591796875,4.1405792236328125,1.6921539306640625,63.27817349526,51.64861940571426,87.147849543212,0.0,0.0,118.87990579147915,32.508433799611744,26.99719858378407,30.509928771554037,19.3137781590992,18.311569177133705,9.447045925602668,Bacterial leaf blight
10,181.904296875,179.36172485351562,142.19650268554688,255.0,255.0,182.09060668945312,6.5485382080078125,5.766448974609375,3.9260101318359375,28.535690307617188,30.657546997070312,7.340118408203125,61.37120174922671,50.73026872244847,88.54304151186098,0.0,0.0,115.22202767386727,40.336012326211105,37.91032253553928,31.396162632762714,48.802205701973385,51.56782366682519,16.581156006366502,Bacterial leaf blight
11,190.3596649169922,187.26614379882812,144.50631713867188,255.0,255.0,178.16070556640625,4.8053741455078125,4.427947998046875,4.925994873046875,11.043655395507812,10.079025268554688,4.11358642578125,54.86906763749706,49.87311535783506,90.25999208415243,0.0,0.0,117.0031747924555,34.67389199997856,33.30945835687734,35.09790972604593,36.91027801820582,32.9640209064133,16.58582363446699,Bacterial leaf blight
12,191.3270721435547,190.12530517578125,148.72628784179688,255.0,255.0,169.76783752441406,5.7586669921875,5.80535888671875,4.1672515869140625,20.09344482421875,20.338882446289062,9.331253051757812,58.837744872563626,50.0739761886105,95.13725197058105,0.0,0.0,120.28998258795174,37.885324830082986,38.03504074284234,32.33083928503014,45.057971106701274,45.199833793630006,23.752605039177208,Bacterial leaf blight
13,204.8766632080078,197.56063842773438,168.267578125,254.9883270263672,255.0,211.64268493652344,9.097137451171875,8.20220947265625,8.416213989257812,29.824005126953125,30.293991088867188,9.71429443359375,48.763702199192004,44.94790601474098,80.553334427244,1.7252454950104217,0.0,95.79278976871355,47.2970627020676,44.992079028358,45.55548166080305,56.412917563197894,56.412189767129895,22.362798660518475,Bacterial leaf blight
14,196.7627410888672,191.01528930664062,157.45455932617188,255.0,255.0,187.2344970703125,4.365692138671875,3.6419677734375,3.9026641845703125,9.880966186523438,10.138229370117188,2.8678436279296875,55.202632965815155,46.7016966746583,85.87470918765946,0.0,0.0,112.64119965517425,33.07857656417015,30.25620354512121,31.30413038766453,30.95645933452905,31.12079264813902,11.352068173138278,Bacterial leaf blight
15,193.20736694335938,184.4528350830078,151.8960418701172,255.0,255.0,185.0749969482422,8.20220947265625,7.42401123046875,6.1827850341796875,22.834243774414062,23.874542236328125,6.1954498291015625,57.57394085183476,46.80492030521199,84.21213509044532,0.0,0.0,113.76014120248753,44.992079028358,42.87198293780456,39.22223034118463,45.74443852377166,46.654416617715604,16.54527197806586,Bacterial leaf blight
16,210.14576721191406,201.47824096679688,177.8815155029297,254.41635131835938,254.13619995117188,214.1484832763672,6.5018463134765625,6.0971832275390625,5.74310302734375,5.260162353515625,5.3669891357421875,1.7891845703125,50.32812689276433,46.21373534885579,77.08257938282615,12.185637777103771,14.816303922598793,93.53229573738216,40.19573117200948,38.9564639015437,37.835275069569285,21.12171115238752,21.452899722383947,7.5213739361774055,Bacterial leaf blight
17,184.7078857421875,183.7239227294922,129.88404846191406,255.0,255.0,152.32452392578125,11.816940307617188,10.653533935546875,11.241073608398438,62.63995361328125,64.867919921875,15.782684326171875,53.545888421231524,47.368038249182966,94.760375721225,0.0,0.0,125.05995766774556,53.60671320094709,51.02110708568175,52.34607945464655,67.85591954309413,70.01405375572817,20.07088534900318,Bacterial leaf blight
18,193.60508728027344,187.81956481933594,156.5992889404297,254.97665405273438,255.0,190.4718017578125,5.08941650390625,4.1594696044921875,5.283966064453125,6.639434814453125,6.1343994140625,3.8720550537109375,59.47728703029281,51.153347873698074,84.55542882226804,2.4398097301799266,0.0,110.8638903492691,35.66369369745456,32.301138706782666,36.32479936717139,24.941441380122065,22.53865298654492,15.949432660300042,Bacterial leaf blight
19,189.1227569580078,183.53500366210938,132.83895874023438,255.0,255.0,164.00527954101562,5.60302734375,3.922119140625,5.2022552490234375,8.242523193359375,7.574859619140625,3.7725067138671875,50.49281236018434,45.80934033524899,89.98561069074589,0.0,0.0,122.1622468917149,37.38152026391436,31.380843874983956,36.048739628799574,31.60632335709148,28.686746488815945,15.028985718329654,Bacterial leaf blight
20,182.89688110351562,181.26785278320312,146.18113708496094,254.9883270263672,255.0,181.5886688232422,8.536834716796875,8.007659912109375,6.031036376953125,24.3240966796875,26.081558227539062,7.738189697265625,64.11136226347358,54.84127210618314,88.4892234251093,1.7252454950104217,0.0,115.45850295638527,45.86954660557803,44.47280810023005,38.749720984065355,47.14868478512646,48.572830271305904,18.25151823185474,Bacterial leaf blight
21,173.09751892089844,170.67579650878906,117.60383605957031,255.0,255.0,134.83840942382812,8.708038330078125,7.01934814453125,5.4590606689453125,24.298965454101562,26.62982177734375,5.208404541015625,60.14308040662177,51.24869571398254,94.19741539421177,0.0,0.0,127.28863950537091,46.311120075116,41.721247925743235,36.9087947133719,43.42911047752611,47.49770204728776,10.259054221703215,Bacterial leaf blight
22,186.48568725585938,182.88783264160156,129.4631805419922,255.0,255.0,152.2039031982422,4.319000244140625,2.7509307861328125,3.4668731689453125,11.340301513671875,12.005691528320312,2.2298736572265625,53.484940532348645,46.69947156223203,93.71428267810853,0.0,0.0,125.08384055013613,32.90427478530673,26.342356202013782,29.530212469799498,32.50334610264109,34.28901819466353,7.1497927691473935,Bacterial leaf blight
23,194.38018798828125,186.19703674316406,140.88858032226562,255.0,255.0,171.91177368164062,2.5330352783203125,2.1906280517578125,2.9610443115234375,14.437240600585938,12.864349365234375,5.0647125244140625,50.21337546413077,43.86021633592952,86.07047740953354,0.0,0.0,119.51503821047262,25.288490035003363,23.533195744248037,27.3184647449975,44.40354493408002,38.83379180577996,16.990639546133774,Bacterial leaf blight
24,181.92630004882812,180.00180053710938,137.1263427734375,254.6070098876953,255.0,161.89247131347656,9.684677124023438,8.4356689453125,5.532989501953125,32.9437255859375,36.6322021484375,8.240966796875,66.29516260203664,54.43579123932908,94.1419098299444,10.00290144954583,0.0,122.77380794351738,48.74217573754165,45.6063051616745,37.152366683285784,49.16679122201517,53.28603588645283,16.59432225039846,Bacterial leaf blight
25,168.27877807617188,169.15321350097656,116.99295043945312,255.0,255.0,141.51145935058594,5.7392120361328125,4.37347412109375,5.4590606689453125,21.00164794921875,22.615875244140625,5.346160888671875,62.90696467723893,51.981525452719,92.05349757813741,0.0,0.0,126.72777519891557,37.8227512803891,33.10753124277057,36.9087947133719,43.81338840897906,45.968404458125825,15.182361625383566,Bacterial leaf blight
26,198.61109924316406,191.0584259033203,160.9743194580078,254.94552612304688,254.99610900878906,194.14100646972656,8.283920288085938,6.52130126953125,7.3189544677734375,26.4776611328125,27.315902709960938,8.466201782226562,56.617710489642974,47.81966655198793,83.50645081777013,3.726643425359686,0.9960861503788008,108.69786684522315,45.20814459942536,40.254247645217255,42.5765932735451,47.74932274397424,48.33027617852486,19.092983253958614,Bacterial leaf blight
27,214.96920776367188,202.80357360839844,180.1693115234375,255.0,255.0,219.63478088378906,5.5096435546875,3.0194091796875,3.71978759765625,28.056472778320312,26.50830078125,12.058578491210938,42.092504422369146,37.93160887638439,68.76420566562831,0.0,0.0,88.13303666330906,37.07563801670314,27.583192509677545,30.57301126207012,54.50009323171602,50.883700062727286,25.05878285598591,Bacterial leaf blight
28,198.00692749023438,191.6212921142578,144.88316345214844,254.99221801757812,254.98443603515625,164.65896606445312,5.190582275390625,2.98828125,4.43572998046875,17.251571655273438,17.080490112304688,5.186920166015625,51.29832225159258,44.25507456657305,93.59577307510607,1.408667795588339,1.992126702334616,121.96500006567794,36.009114622092696,27.44233761764654,33.338197980093376,41.308870850525885,40.000116808655434,15.283831096307068,Bacterial leaf blight
29,188.4390869140625,182.92535400390625,136.82627868652344,255.0,255.0,160.0714874267578,8.774185180664062,7.618560791015625,8.696365356445312,44.9482421875,44.17790222167969,15.119705200195312,55.47345474586619,50.17601416958077,92.92440653858812,0.0,0.0,123.2694131032048,46.480435620643135,43.413022622049525,46.281166747185324,60.67138589155428,58.766033285055606,23.7284344912239,Bacterial leaf blight
30,197.38572692871094,191.14105224609375,163.30738830566406,254.97276306152344,255.0,197.69737243652344,5.2333831787109375,5.0077056884765625,4.0155029296875,21.723892211914062,23.34881591796875,7.1435089111328125,61.6317523974391,51.85375808045745,83.37498944582046,2.635275594829858,0.0,106.43579709387261,36.15417556902763,35.38202699534218,31.74632235853444,42.23514324197353,44.32916765290232,16.94901722388385,Bacterial leaf blight
31,182.12974548339844,175.8701629638672,138.09024047851562,254.88327026367188,254.9494171142578,171.26197814941406,8.1866455078125,7.2644805908203125,5.7547760009765625,12.566513061523438,12.120147705078125,3.8227996826171875,65.06335059048014,55.32408625460998,90.81642181836065,5.454581279285207,3.591110863775693,119.75449581727696,44.95078909008829,42.42251610176811,37.87281919038517,34.87531590900477,32.29760445063484,14.876177148592594,Bacterial leaf blight
32,189.71832275390625,185.17120361328125,139.7640380859375,255.0,254.99610900878906,175.71327209472656,6.108856201171875,5.595245361328125,6.373443603515625,10.750106811523438,10.194854736328125,6.6048431396484375,55.49215893564774,47.87541897271536,88.40093044679946,0.0,0.9960861503788008,118.0327513613059,38.9928225089212,37.35613465664252,39.807126692707804,35.061710233011866,32.70904442651593,23.842963368742108,Bacterial leaf blight
33,200.40350341796875,187.8904571533203,139.03024291992188,255.0,255.0,166.18812561035156,7.6146697998046875,2.8598785400390625,6.7819976806640625,39.527099609375,35.976348876953125,12.093658447265625,46.44489456478791,44.490675490094965,88.51134164484284,0.0,0.0,121.48859591236398,43.402276470136194,26.85312127940037,41.0294274396902,63.62760969357723,57.071266373782095,21.940621134799322,Bacterial leaf blight
34,190.4763641357422,182.01339721679688,140.616455078125,255.0,254.9494171142578,173.44093322753906,7.758636474609375,6.5641021728515625,6.793670654296875,26.393325805664062,24.778961181640625,8.673858642578125,58.14528000494738,50.694689181297974,89.17484786327047,0.0,3.591110863775693,118.93561558331801,43.79789790709426,40.38265242330565,41.063755988543576,52.74040015358628,48.073682821014906,22.553372655616368,Bacterial leaf blight
35,202.58238220214844,193.7569122314453,160.67811584472656,255.0,255.0,200.92689514160156,8.32672119140625,7.805328369140625,7.7080535888671875,14.400543212890625,13.23187255859375,6.2559661865234375,51.71109938257366,46.24891758142011,81.55179685125113,0.0,0.0,104.23406866214256,45.32085191177654,43.925341013824216,43.659358390066664,42.604620794977464,38.39831798060454,20.5496512083061,Bacterial leaf blight
36,217.6270751953125,218.874755859375,203.0330810546875,250.54092407226562,254.14398193359375,232.05093383789062,12.988128662109375,11.513442993164062,9.517364501953125,35.87779235839844,37.09346008300781,22.130142211914062,65.78926332271192,61.219927944886656,84.81212076980475,33.424257709677946,14.749638639762665,72.9750110217533,56.06497411659425,52.946846872122585,48.33578095919222,59.42066580649413,58.80292773541832,36.882571102945874,Bacterial leaf blight
37,232.5800323486328,234.55613708496094,226.3924560546875,245.21026611328125,254.6459197998047,237.3504638671875,8.84033203125,9.038772583007812,8.844223022460938,24.835403442382812,26.545303344726562,18.805007934570312,58.30433893436381,48.24523830682142,66.717917747466,48.995339079758516,9.495529382906165,64.72345469892451,46.649042836332725,47.15069033280063,46.65893901340354,58.16008442901887,55.36577003926298,43.8926269589896,Bacterial leaf blight
38,202.3166046142578,211.491943359375,181.9353485107422,252.19070434570312,253.9533233642578,223.84872436523438,13.439483642578125,12.548446655273438,13.32275390625,60.013671875,67.17678833007812,41.17930603027344,73.14917654337802,55.08920070183897,88.37719405037231,26.617254737715754,16.303588872835615,83.50552863848053,56.97761497534182,55.15786783074998,56.743338590950486,79.0533566220106,79.72619500642655,55.7489930442348,Bacterial leaf blight
39,204.00375366210938,194.44992065429688,164.9491729736328,255.0,255.0,200.35491943359375,4.2995452880859375,1.9649505615234375,4.8909759521484375,1.1650238037109375,1.025787353515625,0.483489990234375,52.58996939464362,46.040163110662405,80.19188696097888,0.0,0.0,104.63465350601857,32.83135633472385,22.2980125230758,34.97538022714488,11.134662858538212,9.480759597294698,5.4345725217165235,Bacterial leaf blight
40,202.69044494628906,206.92567443847656,151.44302368164062,253.9221954345703,248.24134826660156,169.11026000976562,18.871307373046875,18.217620849609375,14.571762084960938,61.8145751953125,64.62919616699219,18.138504028320312,61.528307477967346,60.915363186727085,108.32234641093513,16.543231289663733,40.96067405162215,120.5190286300039,66.75370505192157,65.6780907702886,59.19005897449617,74.89366390770793,79.73844248058361,27.040299412953008,Brown spot
41,182.33595275878906,181.27487182617188,124.73832702636719,251.83273315429688,245.97679138183594,133.9434814453125,28.01513671875,29.435348510742188,20.99578857421875,78.51144409179688,77.46890258789062,21.880340576171875,72.67568270956579,72.64138209550258,111.52628783368914,28.24219301652063,47.111568683975335,127.33707844482656,79.74341338261735,81.4835819554492,70.09353000507598,72.6602688548436,71.15244128539007,29.48197040292738,Brown spot
42,168.42578125,166.92169189453125,117.49169921875,211.02012634277344,224.00436401367188,149.06387329101562,21.061935424804688,21.361541748046875,21.871261596679688,62.90299987792969,59.96099853515625,22.695632934570312,85.0080877607608,84.97500926236752,109.05703331546154,96.33607058463181,83.32561266691481,125.66323793651436,70.19393427844426,70.64614412618995,71.4060195174253,83.41856299636002,81.61802153379374,38.46729381346033,Brown spot
43,192.65235900878906,189.12045288085938,106.86454772949219,253.78990173339844,252.38914489746094,209.81781005859375,39.586944580078125,40.06553649902344,42.824249267578125,157.29739379882812,154.19261169433594,74.51181030273438,47.478560368775135,49.86342448583987,69.93199064727403,17.524574750006526,25.6700503852448,97.36543610109946,92.344705786167,92.7979773071396,95.3219137339403,74.75364668966343,74.5872083054503,48.91923637904958,Brown spot
44,170.23965454101562,166.29290771484375,105.50112915039062,250.33859252929688,248.0779266357422,205.12916564941406,31.264114379882812,33.97224426269531,33.034515380859375,122.40055847167969,118.89178466796875,60.993072509765625,55.94345425736502,57.49978390110784,75.26979244835978,34.16035985497474,41.43927615470105,101.14327778244005,83.63554459027407,86.65338370048264,85.6301478199758,70.004442121928,68.79688659286553,41.728709904934654,Brown spot
45,200.7470245361328,224.96218872070312,133.69699096679688,253.93775939941406,251.91444396972656,154.54627990722656,10.731353759765625,10.198287963867188,8.287811279296875,85.54827880859375,107.29762268066406,23.941314697265625,52.410958910215655,40.039133823040494,105.3041785217428,16.42385454319055,27.88003105636308,124.59834968080418,51.19895755992497,49.96557168083014,45.21840400124116,80.88424146307507,102.20173978796174,24.82006360789768,Brown spot
46,175.41990661621094,208.16209411621094,79.37181091308594,254.20623779296875,251.38526916503906,77.48908996582031,15.419998168945312,14.311065673828125,10.743026733398438,112.21713256835938,141.3551483154297,28.410995483398438,46.097322688248205,39.323445034474354,86.36977034626972,14.204904235919988,30.144486791216426,117.28238946045218,60.78094429630703,58.689991873449344,51.225571676869436,69.61392778097097,88.70813521785541,20.673246731999264,Brown spot
47,193.84707641601562,185.6656494140625,93.10633850097656,255.0,254.21791076660156,112.5897216796875,7.11273193359375,7.1866607666015625,4.412384033203125,8.049530029296875,7.618621826171875,0.9854888916015625,48.07340276941696,52.26271270584013,97.42108998209766,0.0,14.100393290529304,126.62516969548676,41.98994745778139,42.2013080663288,33.25189912787435,34.08788681466026,32.25187874789011,5.05533528007233,Brown spot
48,167.95973205566406,158.17137145996094,35.978302001953125,255.0,253.18679809570312,62.96791076660156,1.2879180908203125,1.3501739501953125,0.4046630859375,0.826141357421875,0.509857177734375,0.108001708984375,36.33423645101147,37.670796012019125,30.998367056248494,0.0,21.42612387833967,109.96299131604552,18.076514601839524,18.505982481457682,10.150139639479944,7.253445620373354,4.3719535156584595,1.2773710092645674,Brown spot
49,163.49758911132812,154.5894775390625,35.13792419433594,255.0,254.72763061523438,69.23240661621094,4.412384033203125,5.4279327392578125,3.712005615234375,32.03910827636719,29.490188598632812,10.841888427734375,36.663953798023904,34.85415591001582,27.898307957687475,0.0,8.32946625141592,113.40695552417154,33.25189912787435,36.80571144114505,30.54148729510785,69.38314576481403,64.36555529492388,24.739848094491773,Brown spot
50,202.26596069335938,196.3050079345703,129.2360076904297,255.0,255.0,153.83811950683594,10.587387084960938,10.482330322265625,9.532928466796875,83.33688354492188,78.30313110351562,25.062774658203125,53.0920227818987,55.999429181649624,104.6840821699721,0.0,0.0,124.74996377091108,50.86935169017039,50.62721583489107,48.37375356409855,90.33285753719176,84.62170403715153,32.91346300733571,Brown spot
51,226.33447265625,223.5680694580078,198.46507263183594,254.9182891845703,254.19456481933594,249.74716186523438,20.131988525390625,21.964645385742188,21.1981201171875,65.14370727539062,62.47355651855469,37.83799743652344,42.5415360921686,47.86991203377286,77.62232659950085,4.563943610213882,14.308642326897566,36.219903587602026,68.763072298932,71.54396498966808,70.40000236775637,84.01471386650414,81.77455318014646,50.01902638161347,Brown spot
52,195.63963317871094,191.45289611816406,89.60780334472656,255.0,255.0,84.61349487304688,3.213958740234375,3.3501434326171875,3.19061279296875,2.71331787109375,2.5942230224609375,1.5750274658203125,40.48327521527231,42.56266896044956,101.60871832750188,0.0,0.0,120.0708027706812,28.446967289604647,29.03554914752388,28.344774689744412,13.372233062129276,13.081614358674145,10.641767194133605,Brown spot
53,184.79833984375,185.6791229248047,59.2982177734375,255.0,254.83657836914062,52.12371826171875,2.933807373046875,3.1789398193359375,1.2645721435546875,0.6212615966796875,0.4843597412109375,0.06103515625,35.753577603547114,34.22488691669019,78.45502885870448,0.0,6.453356432098563,102.83319576533275,27.194000338766067,28.2935327514205,17.912753945169648,6.714240781186568,5.031407655864561,0.7423093996830352,Brown spot
54,149.8267059326172,150.7377166748047,57.44410705566406,255.0,254.57199096679688,121.39114379882812,6.8909454345703125,6.7897796630859375,6.529083251953125,12.760330200195312,12.016021728515625,3.198822021484375,38.524830309074275,33.56722258675522,39.21207131258568,0.0,10.4383481324534,127.35357033045207,41.34859074785021,41.05231669727859,40.277627799277255,39.28738828908701,36.965044402901945,11.878418343484766,Brown spot
55,149.77024841308594,154.02767944335938,14.986236572265625,255.0,254.60311889648438,5.330657958984375,5.914306640625,5.7469940185546875,2.015533447265625,13.072967529296875,12.030120849609375,2.1529541015625,34.017327690852866,31.826236968589882,12.473182650052577,0.0,10.052221982534837,36.48152772658146,38.381885966169435,37.84779431462476,22.580935631095713,40.05155046665031,36.77898951223455,9.300923806595582,Brown spot
56,171.5030517578125,173.107177734375,107.97056579589844,255.0,254.71595764160156,103.79219055175781,10.136032104492188,10.034866333007812,9.124374389648438,16.444107055664062,14.290145874023438,6.289398193359375,64.76055626435891,62.1258558597175,106.91100426508231,0.0,8.505887451068055,125.2764533787808,49.81916337938857,49.58016107875869,47.36519039714587,45.00000055340998,38.89290957050002,19.89177232193138,Brown spot
57,212.42298889160156,208.69935607910156,136.46063232421875,255.0,254.71206665039062,166.22314453125,15.727386474609375,14.155426025390625,15.669021606445312,25.578033447265625,23.201995849609375,10.246475219726562,44.60946108192355,46.70314124001698,104.16055877179663,0.0,8.563883379435602,121.47743855388096,61.34437925110714,58.38884782656962,61.23791531020879,61.41424945620836,55.414191640560276,25.902041158412892,Brown spot
58,220.3648681640625,229.9759979248047,192.78909301757812,254.99221801757812,254.49417114257812,236.51390075683594,22.034683227539062,20.225372314453125,18.2720947265625,52.016326904296875,61.47099304199219,25.197708129882812,51.94867422083967,41.281568110633195,89.12163168973984,1.408667795588339,11.345946228040102,66.12276039140173,71.6471699237623,68.90866603648122,65.7686453378581,70.09923391864582,84.00854892441275,35.06009883080268,Brown spot
59,190.45384216308594,187.88870239257812,130.82627868652344,255.0,254.99610900878906,167.06748962402344,7.4979400634765625,7.338409423828125,9.318923950195312,37.58189392089844,38.05841064453125,10.15966796875,49.00105695130174,44.19549413908675,90.32395522875416,0.0,0.9960861503788008,121.20504842972836,43.07848199497095,42.631469012977284,47.848545053222686,62.534741134873514,63.30770960185294,18.110916552623266,Brown spot
60,185.72935485839844,186.59751892089844,134.73548889160156,255.0,255.0,159.65904235839844,8.922042846679688,7.665252685546875,6.9454193115234375,18.95458984375,19.414871215820312,10.01531982421875,53.88052836395182,44.59838804686136,89.27050167085383,0.0,0.0,123.37765597785823,46.85635578387773,43.541742455730564,41.50714486718635,45.177117741825064,46.0982169886799,26.67314748118388,Brown spot
61,167.3930206298828,162.18130493164062,104.27095031738281,255.0,255.0,137.48817443847656,2.7275848388671875,2.94158935546875,2.3851776123046875,28.376983642578125,29.020904541015625,7.797332763671875,52.39876481087493,43.55825408161983,79.72783539290532,0.0,0.0,127.10816799634303,26.231553801822617,27.229622430513505,24.54651133858854,49.909161600386966,51.18812620059362,14.4514917646498,Brown spot
62,201.89463806152344,199.59584045410156,164.15321350097656,255.0,255.0,198.02810668945312,2.575836181640625,2.731475830078125,2.3929595947265625,0.921875,0.970703125,0.3098297119140625,52.538022973541416,43.916083687007344,84.1872649742861,0.0,0.0,106.21692975604745,25.499084185195954,26.250054789649884,24.5861432728535,8.617168021850153,9.154944837852977,2.9509486537115164,Brown spot
63,195.29136657714844,192.8589630126953,153.258056640625,255.0,254.99610900878906,181.90773010253906,2.4941253662109375,2.6458740234375,2.1478271484375,0.21966552734375,0.1784515380859375,0.0763397216796875,54.95661454591954,45.639921808589776,85.71425439663014,0.0,0.9960861503788008,115.30849450534538,25.09544394987688,25.839837976052813,23.304136143440232,3.1368663742414644,2.3718498114440028,1.1104546928279224,Brown spot
64,201.9605255126953,195.40887451171875,162.927490234375,255.0,254.8949432373047,187.80258178710938,2.6575469970703125,3.0622100830078125,2.5875091552734375,2.207550048828125,2.1688079833984375,0.8018951416015625,50.79552186459252,41.19071293546293,80.11682748364932,0.0,5.174788649202658,112.33809963591598,25.896175937989227,27.775644737332694,25.55620533189743,13.463822615170564,13.245815250961057,5.018090145487922,Brown spot
65,210.9130401611328,205.2849578857422,166.11305236816406,255.0,255.0,196.4794921875,2.2373199462890625,3.0310821533203125,2.357940673828125,34.695220947265625,35.41654968261719,11.255752563476562,41.266845854397495,36.01296793417835,80.55035184692261,0.0,0.0,107.22909893100206,23.78047488511632,27.635818968803925,24.407273252145124,59.1707223437253,60.785919698587456,19.2872874126607,Brown spot
66,200.8708038330078,194.91844177246094,144.2515411376953,255.0,254.97665405273438,165.12588500976562,2.731475830078125,3.3657073974609375,2.560272216796875,3.09674072265625,3.073699951171875,0.726654052734375,44.08434622577662,37.94522022634772,85.17655348053623,0.0,2.4398097301799266,121.82176643454115,26.250054789649884,29.102017113375762,25.422714675248614,17.01510876088335,16.947379872066797,4.04994921372336,Brown spot
67,210.7185516357422,200.99932861328125,152.60723876953125,255.0,255.0,229.3077850341797,2.1828460693359375,2.4941253662109375,2.217864990234375,35.75732421875,34.3284912109375,12.542327880859375,35.1710458632681,32.88147047538261,78.70353101066992,0.0,0.0,76.75561807733854,23.49172047165232,25.09544394987688,23.67776694274311,64.39719667249298,61.92843241181932,22.60957293777631,Brown spot
68,198.0859832763672,191.95501708984375,134.654296875,255.0,254.89883422851562,171.72500610351562,2.264556884765625,2.7664947509765625,2.3151397705078125,0.73101806640625,0.674285888671875,0.21014404296875,42.059131320183155,36.05070726235366,82.55369399624426,0.0,5.078093856477605,119.58427503289889,23.923498651553768,26.41595480560645,24.186789148675878,7.2329093607595185,6.692143114003669,2.1342711080941363,Brown spot
69,201.64048767089844,196.9824981689453,155.33897399902344,255.0,255.0,174.61990356445312,2.887115478515625,3.1244659423828125,2.5875091552734375,34.618743896484375,35.828765869140625,11.924530029296875,50.554489279006674,41.322684491964374,86.07386080420841,0.0,0.0,118.4734767282392,26.97923296232122,28.053101929777874,25.55620533189743,56.05215204618054,58.04701910661257,21.57095930840105,Brown spot
70,192.69561767578125,190.765380859375,138.5531005859375,255.0,255.0,151.20391845703125,2.1984100341796875,2.5252532958984375,2.16339111328125,19.902130126953125,20.278518676757812,6.48052978515625,52.262077750834756,42.930266590742384,89.86614812602916,0.0,0.0,125.27718966269323,23.574595479826126,25.250003688032514,23.38769917665469,47.744538840739715,48.78167528119808,15.61472472491759,Brown spot
71,186.90599060058594,182.50721740722656,129.51116943359375,255.0,254.99221801757812,207.73223876953125,2.155609130859375,2.3073577880859375,2.0116424560546875,0.094970703125,0.0810546875,0.030517578125,47.33494590685916,43.69022468265805,85.78075209611649,0.0,1.408667795588339,99.09105843631365,23.345956344602726,24.146476678796706,22.55930231463162,1.6864910464994896,1.368010006494343,0.5507807630171551,Brown spot
72,217.2924346923828,202.9304656982422,182.6658172607422,255.0,254.85992431640625,235.99639892578125,2.6264190673828125,2.9766082763671875,2.0233154296875,0.316253662109375,0.23651123046875,0.1203155517578125,39.98170825225048,37.425131996383115,63.24822779212888,0.0,5.974920762593592,66.96851066088996,25.745655654209028,27.38932116067675,22.624138198886182,4.117675431015269,2.9002586405358373,1.4984036502424507,Brown spot
73,196.8710479736328,191.26072692871094,153.03916931152344,255.0,255.0,243.18695068359375,2.0816802978515625,2.2723388671875,2.0194244384765625,1.33404541015625,1.3591156005859375,0.529632568359375,47.44503932968138,41.923936169382586,78.6798500616953,0.0,0.0,53.598315659465904,22.94548066808985,23.964200116120747,22.602547572094768,11.819550251855654,12.04808279548822,4.709989108179941,Brown spot
74,202.16738891601562,196.2633819580078,177.8295440673828,255.0,254.64202880859375,225.8214569091797,3.8793182373046875,3.797607421875,2.8598785400390625,4.4924468994140625,4.28564453125,2.5309295654296875,59.332953315294006,50.55721897818801,74.35540593771734,0.0,9.547487126711244,81.17352469405479,31.211809311964128,30.88637353991959,26.85312127940037,18.544843713309156,17.582777480820493,10.491090395576343,Brown spot
75,196.68038940429688,193.4451141357422,161.94749450683594,255.0,255.0,221.95770263671875,2.16339111328125,2.35015869140625,2.544708251953125,0.3704833984375,0.3515167236328125,0.1481475830078125,55.392566718829045,46.76053677311118,81.34657612283715,0.0,0.0,85.63873196511737,23.38769917665469,24.36733921530624,25.346105502828014,4.860223786473952,4.498764053560491,1.965067531664117,Brown spot
76,202.02313232421875,194.6804962158203,146.58384704589844,255.0,255.0,199.89578247070312,2.8948974609375,3.042755126953125,2.7898406982421875,22.596817016601562,22.095062255859375,9.75640869140625,42.19075488951969,37.06454177255445,79.42463511579018,0.0,0.0,104.9528497967284,27.01515169732941,27.688340481337036,26.525952705420202,53.36373427929235,52.154912660108316,27.516979540462593,Brown spot
77,210.20220947265625,203.41099548339844,172.34754943847656,255.0,254.9260711669922,209.04739379882812,3.984375,3.680877685546875,3.4201812744140625,13.729415893554688,13.646743774414062,6.8921661376953125,45.0054891536146,37.60918813339961,78.13719425012245,0.0,4.34124255768349,98.01159403161877,31.624996140068934,30.415044785081218,29.33340391133858,34.67053681774479,34.55132881957313,17.980846360708338,Brown spot
78,182.83827209472656,181.30853271484375,125.10856628417969,255.0,254.91439819335938,138.80332946777344,4.9999237060546875,3.7236785888671875,3.073883056640625,35.489593505859375,36.74757385253906,7.9012908935546875,54.874667829537145,49.327833835114355,96.81672804431405,0.0,4.671309562002848,126.99797141270787,35.35507471322296,30.588760320221297,27.82788929109531,55.87134854501082,57.816475147626676,13.36050482406658,Brown spot
79,164.36907958984375,167.394775390625,102.38648986816406,255.0,254.9883270263672,118.32504272460938,6.661376953125,5.3968048095703125,3.182830810546875,14.081588745117188,15.752029418945312,2.3572540283203125,57.95557289782031,48.764476386748676,92.47437534358531,0.0,1.7252454950104217,127.1694545045891,40.67280639610758,36.70231224715724,28.310624237570014,34.83151602267411,38.91068060201749,6.579271504427787,Brown spot
80,208.0520477294922,202.89910888671875,176.21609497070312,255.0,255.0,202.67784118652344,3.5680389404296875,4.5018768310546875,4.303436279296875,19.90802001953125,20.14306640625,11.372528076171875,52.511335252250866,45.47005993534951,78.11740076937812,0.0,0.0,102.97835789394712,29.95194531126731,33.58141892352017,32.845953897104806,44.39384770162932,44.69203508479985,30.313922299596587,Leaf smut
81,195.73289489746094,188.57131958007812,158.87957763671875,255.0,254.9883270263672,177.47589111328125,2.6264190673828125,5.21392822265625,2.6030731201171875,13.847030639648438,13.962509155273438,5.706146240234375,60.36392360834798,54.01560814282277,84.29473736236194,0.0,1.7252454950104217,117.29731585775292,25.745655654209028,36.08831735155204,25.6321605792646,34.989409121094745,35.45673342462006,14.871333830216663,Leaf smut
82,184.55018615722656,177.51370239257812,142.25289916992188,255.0,254.9494171142578,157.21160888671875,2.7353668212890625,5.9493255615234375,2.8443145751953125,12.61773681640625,12.7037353515625,5.020904541015625,63.48201574384951,56.587111802569915,87.67136091075264,0.0,3.591110863775693,123.98979916655504,26.268542170849564,38.49264271976504,26.78077839182678,32.261279487263735,32.80759722616364,13.24363317190422,Leaf smut
83,201.22213745117188,194.83773803710938,167.63331604003906,255.0,255.0,225.8214569091797,3.6302947998046875,3.8948822021484375,3.75091552734375,38.91741943359375,39.255889892578125,19.719589233398438,55.794075704437944,49.64574462023101,77.89140342688678,0.0,0.0,81.17352469405479,30.20837853339213,31.273388914206897,30.698763691383206,56.39313130237379,56.54927800055771,30.236242748385234,Leaf smut
84,206.7557830810547,199.66993713378906,172.00918579101562,255.0,255.0,221.86431884765625,2.6419830322265625,6.0427093505859375,2.7042388916015625,2.7793731689453125,2.671844482421875,0.9977569580078125,50.67564896007955,49.24426443872214,82.00102330663982,0.0,0.0,85.7416195812621,25.821030166807837,38.78629330193535,26.120260515078098,16.574286856820144,15.969975284487525,6.249287887010742,Leaf smut
85,208.6748046875,201.2000274658203,175.08241271972656,255.0,254.9883270263672,220.35850524902344,2.6342010498046875,6.14776611328125,2.7509307861328125,9.073272705078125,8.332077026367188,4.077606201171875,50.101685759837245,48.67051074657275,80.4383274455066,0.0,1.7252454950104217,87.37017799522378,25.78337162842368,39.11374861481714,26.342356202013782,29.288769749759727,26.991678158543227,13.296032269203906,Leaf smut
86,222.97438049316406,219.14186096191406,199.9647216796875,255.0,255.0,242.23365783691406,2.9766082763671875,2.6886749267578125,2.9299163818359375,9.09246826171875,9.192352294921875,4.545623779296875,45.68287578677221,41.697595313582035,72.97893172453924,0.0,0.0,55.609691235988066,27.38932116067675,26.045789169488916,27.176170947424023,30.414249544465118,30.794864138893672,15.313098673375297,Leaf smut
87,219.21334838867188,215.96482849121094,193.14430236816406,255.0,255.0,242.84454345703125,3.245086669921875,2.7820587158203125,3.36181640625,32.34577941894531,33.023284912109375,16.591522216796875,48.278528342020756,44.20269383462314,77.83339272379098,0.0,0.0,54.33126443116366,28.582626074851373,26.489339777274704,29.085415143064715,54.722378566838444,56.270328963673705,28.48483168521458,Leaf smut
88,194.15110778808594,189.88589477539062,154.9624481201172,255.0,255.0,217.10952758789062,3.0466461181640625,4.536895751953125,3.50189208984375,12.454727172851562,13.299453735351562,5.7877960205078125,55.7136079639367,49.052746579969735,81.11826296111127,0.0,0.0,90.69940774599947,27.70582443390761,33.709419954724176,29.67691417080364,33.7517124844769,35.99438310258935,15.96757936216094,Leaf smut
89,206.6492156982422,197.26666259765625,171.53048706054688,255.0,255.0,217.3857879638672,3.354034423828125,4.8598480224609375,3.5524749755859375,11.476882934570312,11.113937377929688,6.8789215087890625,51.670486594096545,44.77555582958266,72.74537387958726,0.0,0.0,90.42563310320094,29.052181177322087,34.866074096836904,29.88747296648296,33.49484508825278,32.43277307182355,22.523159820607546,Leaf smut
90,212.1733856201172,204.2854766845703,182.988037109375,255.0,254.99610900878906,242.486572265625,3.8287353515625,5.408477783203125,4.132232666015625,26.698501586914062,25.15216064453125,14.92828369140625,48.48197945459649,47.276913040115105,72.67001640216687,0.0,0.9960861503788008,55.08482729937709,31.01077716304661,36.74112413611477,32.19695611432699,51.40530662794038,48.49841096049378,31.171764110604574,Leaf smut
91,204.27703857421875,196.5500030517578,172.28184509277344,254.99221801757812,254.99610900878906,235.54893493652344,3.4746551513671875,4.801483154296875,3.8014984130859375,22.389877319335938,21.3096923828125,11.421600341796875,52.55676979828905,50.704509945333044,76.7039826990962,1.408667795588339,0.9960861503788008,67.68809096940853,29.562879345180676,34.66012065565708,30.901953096078234,42.92362922956761,40.97053818088253,22.30627429179295,Leaf smut
92,196.74302673339844,190.72828674316406,151.90386962890625,255.0,255.0,222.9187774658203,3.431854248046875,4.31121826171875,4.3540191650390625,23.132064819335938,22.776657104492188,10.531097412109375,50.817435321792736,48.08968123024895,83.80091229387504,0.0,0.0,84.56658268446385,29.382736592634046,32.87512819500639,33.03509352484769,47.81087076903185,47.33746830909838,22.304519422347965,Leaf smut
93,205.3584747314453,198.21078491210938,169.0247802734375,255.0,255.0,224.05105590820312,3.0777740478515625,3.3345794677734375,3.369598388671875,13.427032470703125,12.723114013671875,6.7039947509765625,49.73775455738689,47.00663973674323,79.76908160789463,0.0,0.0,83.27150534853465,27.845281271923252,28.968920312212713,29.118609098141828,34.33650833864822,32.619641006826654,16.955569737580305,Leaf smut
94,200.7720489501953,193.43626403808594,164.0849151611328,255.0,254.99610900878906,212.8333282470703,3.34625244140625,5.6613922119140625,4.054412841796875,13.8619384765625,13.508346557617188,6.3636016845703125,52.82651147217531,49.38202700671179,81.07251596538374,0.0,0.9960861503788008,94.73369564351299,29.01890706344704,37.57131422057212,31.897288461034986,36.14721140875223,35.346226167170336,17.05801756859928,Leaf smut
95,214.7729949951172,202.10140991210938,185.06179809570312,254.80545043945312,254.75486755371094,231.405029296875,4.171142578125,4.9610137939453125,4.0116119384765625,20.853668212890625,20.065109252929688,10.231521606445312,42.7117809484606,38.4524016047666,62.899014351854674,7.04075907895904,7.9024479680341635,73.89177820850942,32.345678645142506,35.21997813162778,31.731183620637218,43.47042730292292,42.09524946776009,22.03344200457548,Leaf smut
96,200.22581481933594,191.60128784179688,161.8024139404297,255.0,255.0,250.94947814941406,5.1633453369140625,3.8948822021484375,4.99603271484375,39.05525207519531,37.9140625,20.5570068359375,48.31849625958454,43.94298078038062,74.30339441959215,0.0,0.0,31.88222615560808,35.91647151161781,31.273388914206897,35.34159022168311,58.73544935599761,56.925550058929765,31.285135770703626,Leaf smut
97,207.2196502685547,198.69650268554688,175.48483276367188,255.0,254.93385314941406,235.0897979736328,3.5291290283203125,6.715850830078125,3.758697509765625,40.98040771484375,40.23626708984375,22.082977294921875,49.323427120040726,45.514943016745825,72.1491615298258,0.0,4.106467033055498,68.41553458091866,29.79048758451507,40.834290850926514,30.730116466103997,59.50531300694478,58.850591975859786,34.52562276721218,Leaf smut
98,214.06454467773438,203.8023223876953,180.94522094726562,255.0,254.9883270263672,245.57212829589844,2.2762298583984375,2.6458740234375,2.793731689453125,0.383758544921875,0.372100830078125,0.17315673828125,41.451097649375846,38.62490283477958,68.05709723188598,0.0,1.7252454950104217,48.11675923913517,23.984524000349413,25.839837976052813,26.544239376141338,5.238420301034768,5.020590460285664,2.4244348157103386,Leaf smut
99,198.72483825683594,192.96812438964844,165.71958923339844,255.0,255.0,219.9071502685547,2.1205902099609375,2.19451904296875,2.6030731201171875,1.7623443603515625,1.7470855712890625,1.172637939453125,57.32328017868316,48.569048059232486,76.48757752840835,0.0,0.0,87.84741646311947,23.15715009886702,23.55390502925319,25.6321605792646,9.086079838044045,8.982058926457306,6.317840763531932,Leaf smut
100,207.96482849121094,198.88807678222656,178.1132354736328,255.0,255.0,223.5179901123047,2.0038604736328125,2.093353271484375,2.498016357421875,0.7646331787109375,0.7179107666015625,0.622039794921875,53.63425690108124,44.59994530836056,69.09744642643655,0.0,0.0,83.88561005794355,22.515971308797212,23.00919286522848,25.114818044744638,3.812080668981061,3.554262544014369,3.1986151696162475,Leaf smut
101,201.4216766357422,194.40248107910156,171.8361053466797,255.0,255.0,193.34335327148438,4.038848876953125,3.6692047119140625,2.980499267578125,7.4532318115234375,7.1394500732421875,3.2046356201171875,59.76637534840597,51.8787765057156,80.65040352419729,0.0,0.0,109.18288707469915,31.836993629615552,30.367484886308144,27.407005260487477,25.408988748490593,23.810976977014704,11.049594834920823,Leaf smut
102,183.5675048828125,178.11026000976562,146.926025390625,255.0,254.9494171142578,163.4722137451172,5.206146240234375,4.661407470703125,3.7314605712890625,31.192184448242188,32.09814453125,13.658416748046875,66.71503522646549,57.6470514846916,88.45495453677465,0.0,3.591110863775693,122.32027566301346,36.06193744913131,34.16035985497474,30.620232652343223,46.22381253519901,46.72728430071381,23.255553311990425,Leaf smut
103,163.7869110107422,165.48562622070312,67.0380859375,255.0,252.63816833496094,235.73570251464844,1.657562255859375,2.0583343505859375,0.2140045166015625,6.62261962890625,6.3297271728515625,2.58111572265625,25.34933457933134,29.319199947016642,12.936893135617236,0.0,24.4272148590661,67.38903991867316,20.4922146829495,22.81750466419613,7.384128506484199,28.99382127609741,28.009789506344482,11.740369893226207,Leaf smut
104,179.12240600585938,174.16676330566406,102.26847839355469,255.0,255.0,235.79017639160156,2.918243408203125,3.81317138671875,2.2139739990234375,36.343170166015625,33.850189208984375,15.016326904296875,41.11559692465745,44.11439459223193,75.81016312989246,0.0,0.0,67.30146875868178,27.122609102043924,30.94864177292423,23.657169925471322,65.40240943774585,61.0476837340718,26.949984115627725,Leaf smut
105,157.2489471435547,166.06787109375,91.56880187988281,255.0,254.47860717773438,239.84458923339844,1.78985595703125,1.556396484375,1.175079345703125,0.9773712158203125,0.863494873046875,0.359710693359375,41.257533903651186,39.94930222788756,64.21174566571169,0.0,11.518824558201425,60.29049070938945,21.288722007110913,19.86098520967805,17.27033357192613,8.603349966049379,7.424975529521117,3.102364752084052,Leaf smut
106,135.62583923339844,138.91220092773438,98.93258666992188,253.4241485595703,252.17514038085938,97.25532531738281,7.034912109375,7.6924896240234375,6.420135498046875,70.25314331054688,73.57514953613281,34.1365966796875,76.8082589282233,74.77358226539285,99.59992266486569,19.983963809696665,26.690061277805416,123.8608479437415,41.76616572662607,43.61663051532372,39.9489225410232,46.95818601059597,48.28667797419436,39.531932658871305,Leaf smut
107,190.950439453125,202.47378540039062,150.63623046875,254.99221801757812,251.50588989257812,170.52658081054688,8.85589599609375,10.992050170898438,7.8792572021484375,11.134811401367188,12.37677001953125,3.3891448974609375,68.97666990380021,60.756201277754116,110.6195639260659,1.408667795588339,29.644380107362515,120.02067881724999,46.68861301334916,51.78945478202636,44.126272134525976,33.73870207068407,37.397670194850015,11.082974133256315,Leaf smut
108,141.49513244628906,166.24630737304688,98.78065490722656,240.9613037109375,250.9339141845703,98.40316772460938,31.711578369140625,31.0345458984375,21.486053466796875,56.40484619140625,79.98002624511719,16.317459106445312,81.36766274158073,65.30255326966441,109.12033815084648,58.16169323716771,31.94242991815325,124.1355080206215,84.14765761130082,83.37065529896799,70.83285353884276,46.327298392718134,62.00682434601716,25.61526297215641,Leaf smut
109,140.22613525390625,161.34310913085938,92.78871154785156,242.86788940429688,252.4786376953125,93.31375122070312,26.882858276367188,27.011260986328125,17.501678466796875,61.54887390136719,82.32447814941406,15.296554565429688,81.47687756468513,68.07603431816223,110.12553353941745,54.281673651407665,25.230737599678164,122.83139010204201,78.3099022561412,78.47460309834094,64.47184858430896,45.729830515096175,57.27570028983753,25.01787857478901,Leaf smut
110,135.1949462890625,155.42652893066406,105.26811218261719,207.1758270263672,250.36972045898438,106.43028259277344,11.6729736328125,12.427825927734375,5.9648895263671875,31.887969970703125,45.81427001953125,8.772964477539062,91.67359302866981,76.35328460371177,113.84581100275115,99.5390003348658,34.04822747708075,125.74703578367013,53.29493374547764,54.90578070005196,38.54175556668206,34.96086013336519,48.163110369029084,15.65407204516364,Leaf smut
111,136.07691955566406,158.03526306152344,109.83169555664062,243.33480834960938,253.66928100585938,132.33261108398438,3.09722900390625,3.3034515380859375,2.6653289794921875,5.5397796630859375,7.9171600341796875,1.8768157958984375,60.515712147804884,48.96982369393548,85.43498065324188,53.27801774286714,18.372874855734818,127.40838226000263,27.932070608772555,28.835175569908216,25.933663667164094,18.199559692430107,25.662031782595886,6.958993456965341,Leaf smut
112,234.7313690185547,238.5985107421875,220.73931884765625,255.0,254.50584411621094,237.3699188232422,7.898712158203125,7.4123382568359375,9.225540161132812,19.53961181640625,21.771713256835938,9.859588623046875,41.15034863155289,36.27342951053759,69.20073575672704,0.0,11.214524525307686,64.69042384908428,44.17897629623904,42.83927516963155,47.6172463486098,46.143246922687005,52.10135245620246,25.68991691843478,Leaf smut
113,108.70793151855469,127.74658203125,44.69520568847656,254.99610900878906,252.84828186035156,58.8006591796875,2.801513671875,3.486328125,3.5135650634765625,6.67510986328125,8.465103149414062,2.248382568359375,20.019310790400702,20.938020062037168,20.26429252951132,0.9960861503788008,23.32505594115177,107.40880117967309,26.580773267051928,29.611808254137976,29.72564468150759,23.78415655206641,30.20949501959153,8.458548352441722,Leaf smut
114,125.96743774414062,143.74684143066406,73.05609130859375,254.9883270263672,250.60317993164062,66.80442810058594,2.575836181640625,2.6653289794921875,2.5719451904296875,39.49763488769531,46.787628173828125,13.324508666992188,61.26670198781036,54.55163799538913,85.42966015520517,1.7252454950104217,33.194232793033684,112.12625719162777,25.499084185195954,25.933663667164094,25.48001415810038,46.22422437387988,55.74014512739165,18.235959721439425,Leaf smut
115,190.92295837402344,202.52587890625,150.6442413330078,254.99610900878906,251.64596557617188,170.83396911621094,9.29168701171875,11.462860107421875,8.04656982421875,20.603317260742188,26.163116455078125,10.803863525390625,68.80771348172372,60.498703885578784,110.29565166065433,0.9960861503788008,29.052181177322087,119.91003761418506,47.78121744435295,52.83589845503012,44.57721412605047,43.758202083905346,56.17325850786318,24.5858322599616,Leaf smut
116,166.17391967773438,184.4276123046875,129.833251953125,254.11285400390625,253.56422424316406,153.03268432617188,7.7158355712890625,9.832534790039062,5.4123687744140625,5.7279205322265625,7.674530029296875,2.07208251953125,74.99307825964878,61.1088614464173,104.86176434061164,15.014499691482266,19.08039218593911,124.91730076774817,43.680704574394646,49.098041010437804,36.754051500825504,19.870614793213782,26.590775313054383,7.609378491338207,Leaf smut
117,73.281494140625,105.4447021484375,48.778656005859375,157.06764221191406,157.5189971923828,149.1844940185547,14.665145874023438,14.700164794921875,13.653488159179688,64.11824035644531,91.96357727050781,41.9180908203125,53.68226720545925,75.73622369674187,35.67278336352115,124.02420946745937,123.91573672283805,125.64247975569117,59.36788436831474,59.43439389534664,57.40402199914184,56.563603444902704,80.11240596818169,37.25518810042437,Leaf smut
118,86.2030029296875,121.64401245117188,55.71366882324219,172.20359802246094,172.6666259765625,169.9896240234375,8.431777954101562,6.73919677734375,6.5718841552734375,62.89561462402344,88.96992492675781,40.081939697265625,55.89830091061222,77.36604366305714,36.12722971978022,119.40619047539464,119.23181579550531,120.2118207596363,45.596145657595066,40.90328110334055,40.40595003516676,60.6523897761138,84.11782490910123,38.94139155283949,Leaf smut
119,95.88552856445312,106.66729736328125,63.063232421875,180.9349822998047,193.59237670898438,117.31727600097656,49.31053161621094,49.003143310546875,47.59071350097656,79.76129150390625,90.50640869140625,47.0240478515625,69.99993147005165,67.86685269480019,69.50590610408786,115.76248384783197,109.03232429402621,127.0927304449775,100.71075927556326,100.47135656432364,99.35167804932632,57.77382886904277,58.17528058115622,47.29314605873113,Leaf smut
